Run,Assay Type,AvgSpotLen,Bases,BioProject,BioSample,BioSampleModel,Bytes,Center Name,Collection_Date,Consent,DATASTORE filetype,DATASTORE provider,DATASTORE region,dev_stage,Experiment,geo_loc_name_country,geo_loc_name_country_continent,geo_loc_name,Instrument,Library Name,LibraryLayout,LibrarySelection,LibrarySource,Organism,Phenotype,Platform,ReleaseDate,create_date,version,Sample Name,sample_type,sex,SRA Study,strain,tissue,isolation_source,cell_line,LoadedStatus
SRR33564022,ATAC-seq,300,56083275900,PRJNA960830,SAMN48367769,Model organism or animal,16882930668,JOHNS HOPKINS UNIVERSITY,not provided,public,"fastq,run.zq,sra","gs,ncbi,s3","gs.us-east1,ncbi.public,s3.us-east-1",adult,SRX28794094,uncalculated,uncalculated,not provided,Illumina NovaSeq X Plus,KPC-2_HiA_post_r3,PAIRED,other,GENOMIC,Mus musculus,post-liver metastasis,ILLUMINA,2025-12-11T00:00:00Z,2025-05-14T15:20:00Z,1,KPC-2_HiA_post_r3,biological replicate 3,female,SRP435350,C57BL/6,pancreatic tumor derived cell line,,,Not Loaded
SRR33564023,ATAC-seq,300,59468372400,PRJNA960830,SAMN48367768,Model organism or animal,17944589254,JOHNS HOPKINS UNIVERSITY,not provided,public,"fastq,run.zq,sra","gs,ncbi,s3","gs.us-east1,ncbi.public,s3.us-east-1",adult,SRX28794093,uncalculated,uncalculated,not provided,Illumina NovaSeq X Plus,KPC-2_HiA_post_r2,PAIRED,other,GENOMIC,Mus musculus,post-liver metastasis,ILLUMINA,2025-12-11T00:00:00Z,2025-05-14T14:11:00Z,1,KPC-2_HiA_post_r2,biological replicate 2,female,SRP435350,C57BL/6,pancreatic tumor derived cell line,,,Not Loaded
SRR33564024,ATAC-seq,300,72543935700,PRJNA960830,SAMN48367767,Model organism or animal,21932670156,JOHNS HOPKINS UNIVERSITY,not provided,public,"fastq,run.zq,sra","gs,ncbi,s3","gs.us-east1,ncbi.public,s3.us-east-1",adult,SRX28794092,uncalculated,uncalculated,not provided,Illumina NovaSeq X Plus,KPC-2_HiA_post_r1,PAIRED,other,GENOMIC,Mus musculus,post-liver metastasis,ILLUMINA,2025-12-11T00:00:00Z,2025-05-14T14:17:00Z,1,KPC-2_HiA_post_r1,biological replicate 1,female,SRP435350,C57BL/6,pancreatic tumor derived cell line,,,Not Loaded
SRR33564025,ATAC-seq,300,50329138200,PRJNA960830,SAMN48367766,Model organism or animal,15246446316,JOHNS HOPKINS UNIVERSITY,not provided,public,"fastq,run.zq,sra","gs,ncbi,s3","gs.us-east1,ncbi.public,s3.us-east-1",adult,SRX28794091,uncalculated,uncalculated,not provided,Illumina NovaSeq X Plus,KPC-2_HiA_pre_r4,PAIRED,other,GENOMIC,Mus musculus,pre-injection,ILLUMINA,2025-12-11T00:00:00Z,2025-05-14T14:07:00Z,1,KPC-2_HiA_pre_r4,technical replicate 4,female,SRP435350,C57BL/6,pancreatic tumor derived cell line,,,Not Loaded
SRR33564026,ATAC-seq,300,61643762100,PRJNA960830,SAMN48367765,Model organism or animal,18612650201,JOHNS HOPKINS UNIVERSITY,not provided,public,"fastq,run.zq,sra","gs,ncbi,s3","gs.us-east1,ncbi.public,s3.us-east-1",adult,SRX28794090,uncalculated,uncalculated,not provided,Illumina NovaSeq X Plus,KPC-2_HiA_pre_r3,PAIRED,other,GENOMIC,Mus musculus,pre-injection,ILLUMINA,2025-12-11T00:00:00Z,2025-05-14T14:11:00Z,1,KPC-2_HiA_pre_r3,technical replicate 3,female,SRP435350,C57BL/6,pancreatic tumor derived cell line,,,Not Loaded
SRR33564027,ATAC-seq,300,57532459200,PRJNA960830,SAMN48367764,Model organism or animal,17311307651,JOHNS HOPKINS UNIVERSITY,not provided,public,"fastq,run.zq,sra","gs,ncbi,s3","gs.us-east1,ncbi.public,s3.us-east-1",adult,SRX28794089,uncalculated,uncalculated,not provided,Illumina NovaSeq X Plus,KPC-2_HiA_pre_r2,PAIRED,other,GENOMIC,Mus musculus,pre-injection,ILLUMINA,2025-12-11T00:00:00Z,2025-05-14T14:13:00Z,1,KPC-2_HiA_pre_r2,technical replicate 2,female,SRP435350,C57BL/6,pancreatic tumor derived cell line,,,Not Loaded
SRR33564028,ATAC-seq,300,56305900500,PRJNA960830,SAMN48367763,Model organism or animal,16920598991,JOHNS HOPKINS UNIVERSITY,not provided,public,"fastq,run.zq,sra","gs,ncbi,s3","gs.us-east1,ncbi.public,s3.us-east-1",adult,SRX28794088,uncalculated,uncalculated,not provided,Illumina NovaSeq X Plus,KPC-2_HiA_pre_r1,PAIRED,other,GENOMIC,Mus musculus,pre-injection,ILLUMINA,2025-12-11T00:00:00Z,2025-05-14T14:11:00Z,1,KPC-2_HiA_pre_r1,technical replicate 1,female,SRP435350,C57BL/6,pancreatic tumor derived cell line,,,Not Loaded
SRR35050614,OTHER,76,2541837784,PRJNA960830,SAMN50701111,Model organism or animal,771928605,JOHNS HOPKINS UNIVERSITY,not provided,public,"fastq,run.zq,sra","gs,ncbi,s3","gs.us-east1,ncbi.public,s3.us-east-1",adult,SRX30164811,uncalculated,uncalculated,not provided,NextSeq 2000,KPC-2_HiB_shControl_CUTandRun_FOS_rep2,PAIRED,other,GENOMIC,Mus musculus,shControl,ILLUMINA,2025-12-11T00:00:00Z,2025-08-20T12:38:00Z,1,KPC-2_HiB_shControl_CUTandRun_FOS_rep2,FOS technical replicate 2,female,SRP435350,C57BL/6,pancreatic tumor derived cell line,,KPC-2_HiB,Not Loaded
SRR35050615,OTHER,76,2814838068,PRJNA960830,SAMN50701110,Model organism or animal,855761033,JOHNS HOPKINS UNIVERSITY,not provided,public,"fastq,run.zq,sra","gs,ncbi,s3","gs.us-east1,ncbi.public,s3.us-east-1",adult,SRX30164810,uncalculated,uncalculated,not provided,NextSeq 2000,KPC-2_HiB_shControl_CUTandRun_FOS_rep1,PAIRED,other,GENOMIC,Mus musculus,shControl,ILLUMINA,2025-12-11T00:00:00Z,2025-08-20T12:37:00Z,1,KPC-2_HiB_shControl_CUTandRun_FOS_rep1,FOS technical replicate 1,female,SRP435350,C57BL/6,pancreatic tumor derived cell line,,KPC-2_HiB,Not Loaded
SRR35050616,OTHER,76,2569958012,PRJNA960830,SAMN50701109,Model organism or animal,779872632,JOHNS HOPKINS UNIVERSITY,not provided,public,"fastq,run.zq,sra","gs,ncbi,s3","gs.us-east1,ncbi.public,s3.us-east-1",adult,SRX30164809,uncalculated,uncalculated,not provided,NextSeq 2000,KPC-2_HiB_shControl_CUTandRun_NoAb,PAIRED,other,GENOMIC,Mus musculus,shControl,ILLUMINA,2025-12-11T00:00:00Z,2025-08-20T12:36:00Z,1,KPC-2_HiB_shControl_CUTandRun_NoAb,NoAb control,female,SRP435350,C57BL/6,pancreatic tumor derived cell line,,KPC-2_HiB,Not Loaded
SRR31189867,ATAC-seq,200,10186771200,PRJNA960830,SAMN44528399,Model organism or animal,3502957811,JOHNS HOPKINS UNIVERSITY,not provided,public,"fastq,run.zq,sra","gs,ncbi,s3","gs.us-east1,ncbi.public,s3.us-east-1",adult,SRX26571413,uncalculated,uncalculated,not provided,Illumina NovaSeq 6000,KPC-1_Hi3_ATAC,PAIRED,unspecified,GENOMIC,Mus musculus,metastasis-high,ILLUMINA,2025-12-11T00:00:00Z,2024-11-01T07:34:00Z,1,KPC-1_Hi3,biological replicate 3,not provided,SRP435350,C57BL/6J,pancreatic tumor derived cell line,KPC-O parental line,,Not Loaded
SRR31189868,ATAC-seq,200,10308538600,PRJNA960830,SAMN44528398,Model organism or animal,3624454983,JOHNS HOPKINS UNIVERSITY,not provided,public,"fastq,run.zq,sra","gs,ncbi,s3","gs.us-east1,ncbi.public,s3.us-east-1",adult,SRX26571412,uncalculated,uncalculated,not provided,Illumina NovaSeq 6000,KPC-1_Hi2_ATAC,PAIRED,unspecified,GENOMIC,Mus musculus,metastasis-high,ILLUMINA,2025-12-11T00:00:00Z,2024-11-01T07:31:00Z,1,KPC-1_Hi2,biological replicate 2,not provided,SRP435350,C57BL/6J,pancreatic tumor derived cell line,KPC-O parental line,,Loaded
SRR31189869,ATAC-seq,200,8633439800,PRJNA960830,SAMN44528397,Model organism or animal,2992581916,JOHNS HOPKINS UNIVERSITY,not provided,public,"fastq,run.zq,sra","gs,ncbi,s3","gs.us-east1,ncbi.public,s3.us-east-1",adult,SRX26571411,uncalculated,uncalculated,not provided,Illumina NovaSeq 6000,KPC-1_Hi1_ATAC,PAIRED,unspecified,GENOMIC,Mus musculus,metastasis-high,ILLUMINA,2025-12-11T00:00:00Z,2024-11-01T07:26:00Z,1,KPC-1_Hi1,biological replicate 1,not provided,SRP435350,C57BL/6J,pancreatic tumor derived cell line,KPC-O parental line,,Loaded
SRR31189870,ATAC-seq,200,8478147400,PRJNA960830,SAMN44528396,Model organism or animal,2930045232,JOHNS HOPKINS UNIVERSITY,not provided,public,"fastq,run.zq,sra","gs,ncbi,s3","gs.us-east1,ncbi.public,s3.us-east-1",adult,SRX26571410,uncalculated,uncalculated,not provided,Illumina NovaSeq 6000,KPC-1_Lo7_ATAC,PAIRED,unspecified,GENOMIC,Mus musculus,metastasis-low,ILLUMINA,2025-12-11T00:00:00Z,2024-11-01T07:29:00Z,1,KPC-1_Lo7,biological replicate 7,not provided,SRP435350,C57BL/6J,pancreatic tumor derived cell line,KPC-O parental line,,Loaded
SRR31189871,ATAC-seq,200,10621493000,PRJNA960830,SAMN44528395,Model organism or animal,3727790340,JOHNS HOPKINS UNIVERSITY,not provided,public,"fastq,run.zq,sra","gs,ncbi,s3","gs.us-east1,ncbi.public,s3.us-east-1",adult,SRX26571409,uncalculated,uncalculated,not provided,Illumina NovaSeq 6000,KPC-1_Lo6_ATAC,PAIRED,unspecified,GENOMIC,Mus musculus,metastasis-low,ILLUMINA,2025-12-11T00:00:00Z,2024-11-01T07:31:00Z,1,KPC-1_Lo6,biological replicate 6,not provided,SRP435350,C57BL/6J,pancreatic tumor derived cell line,KPC-O parental line,,Loaded
SRR31189872,ATAC-seq,200,8919710400,PRJNA960830,SAMN44528394,Model organism or animal,3181637662,JOHNS HOPKINS UNIVERSITY,not provided,public,"fastq,run.zq,sra","gs,ncbi,s3","gs.us-east1,ncbi.public,s3.us-east-1",adult,SRX26571408,uncalculated,uncalculated,not provided,Illumina NovaSeq 6000,KPC-1_Lo5_ATAC,PAIRED,unspecified,GENOMIC,Mus musculus,metastasis-low,ILLUMINA,2025-12-11T00:00:00Z,2024-11-01T07:29:00Z,1,KPC-1_Lo5,biological replicate 5,not provided,SRP435350,C57BL/6J,pancreatic tumor derived cell line,KPC-O parental line,,Loaded
SRR31189873,RNA-Seq,300,15723387600,PRJNA960830,SAMN44528405,Model organism or animal,5099555084,JOHNS HOPKINS UNIVERSITY,not provided,public,"fastq,run.zq,sra","gs,ncbi,s3","gs.us-east1,ncbi.public,s3.us-east-1",adult,SRX26571407,uncalculated,uncalculated,not provided,Illumina NovaSeq 6000,KPC-2_Hi2_RNA,PAIRED,PolyA,TRANSCRIPTOMIC,Mus musculus,metastasis-high,ILLUMINA,2025-12-11T00:00:00Z,2024-11-01T07:32:00Z,1,KPC-2_Hi2,biological replicate 2,not provided,SRP435350,C57BL/6J,pancreatic tumor derived cell line,KPC-508F parental line,,Not Loaded
SRR31189874,RNA-Seq,300,13708152300,PRJNA960830,SAMN44528404,Model organism or animal,4429850917,JOHNS HOPKINS UNIVERSITY,not provided,public,"fastq,run.zq,sra","gs,ncbi,s3","gs.us-east1,ncbi.public,s3.us-east-1",adult,SRX26571406,uncalculated,uncalculated,not provided,Illumina NovaSeq 6000,KPC-2_Hi1_RNA,PAIRED,PolyA,TRANSCRIPTOMIC,Mus musculus,metastasis-high,ILLUMINA,2025-12-11T00:00:00Z,2024-11-01T07:25:00Z,1,KPC-2_Hi1,biological replicate 1,not provided,SRP435350,C57BL/6J,pancreatic tumor derived cell line,KPC-508F parental line,,Loaded
SRR31189875,RNA-Seq,300,11286088800,PRJNA960830,SAMN44528403,Model organism or animal,3677520370,JOHNS HOPKINS UNIVERSITY,not provided,public,"fastq,run.zq,sra","gs,ncbi,s3","gs.us-east1,ncbi.public,s3.us-east-1",adult,SRX26571405,uncalculated,uncalculated,not provided,Illumina NovaSeq 6000,KPC-2_Lo5_RNA,PAIRED,PolyA,TRANSCRIPTOMIC,Mus musculus,metastasis-low,ILLUMINA,2025-12-11T00:00:00Z,2024-11-01T07:31:00Z,1,KPC-2_Lo5,biological replicate 5,not provided,SRP435350,C57BL/6J,pancreatic tumor derived cell line,KPC-508F parental line,,Loaded
SRR31189876,RNA-Seq,300,11599352100,PRJNA960830,SAMN44528402,Model organism or animal,3758478952,JOHNS HOPKINS UNIVERSITY,not provided,public,"fastq,run.zq,sra","gs,ncbi,s3","gs.us-east1,ncbi.public,s3.us-east-1",adult,SRX26571404,uncalculated,uncalculated,not provided,Illumina NovaSeq 6000,KPC-2_Lo4_RNA,PAIRED,PolyA,TRANSCRIPTOMIC,Mus musculus,metastasis-low,ILLUMINA,2025-12-11T00:00:00Z,2024-11-01T07:29:00Z,1,KPC-2_Lo4,biological replicate 4,not provided,SRP435350,C57BL/6J,pancreatic tumor derived cell line,KPC-508F parental line,,Loaded
SRR31189877,ATAC-seq,200,9783330200,PRJNA960830,SAMN44528393,Model organism or animal,3377094469,JOHNS HOPKINS UNIVERSITY,not provided,public,"fastq,run.zq,sra","gs,ncbi,s3","gs.us-east1,ncbi.public,s3.us-east-1",adult,SRX26571403,uncalculated,uncalculated,not provided,Illumina NovaSeq 6000,KPC-1_Lo4_ATAC,PAIRED,unspecified,GENOMIC,Mus musculus,metastasis-low,ILLUMINA,2025-12-11T00:00:00Z,2024-11-01T07:28:00Z,1,KPC-1_Lo4,biological replicate 4,not provided,SRP435350,C57BL/6J,pancreatic tumor derived cell line,KPC-O parental line,,Loaded
SRR31189878,RNA-Seq,300,14335013700,PRJNA960830,SAMN44528401,Model organism or animal,4661818613,JOHNS HOPKINS UNIVERSITY,not provided,public,"fastq,run.zq,sra","gs,ncbi,s3","gs.us-east1,ncbi.public,s3.us-east-1",adult,SRX26571402,uncalculated,uncalculated,not provided,Illumina NovaSeq 6000,KPC-2_Lo3_RNA,PAIRED,PolyA,TRANSCRIPTOMIC,Mus musculus,metastasis-low,ILLUMINA,2025-12-11T00:00:00Z,2024-11-01T07:26:00Z,1,KPC-2_Lo3,biological replicate 3,not provided,SRP435350,C57BL/6J,pancreatic tumor derived cell line,KPC-508F parental line,,Loaded
SRR31189879,RNA-Seq,300,15393038700,PRJNA960830,SAMN44528400,Model organism or animal,4929650786,JOHNS HOPKINS UNIVERSITY,not provided,public,"fastq,run.zq,sra","gs,ncbi,s3","gs.us-east1,ncbi.public,s3.us-east-1",adult,SRX26571401,uncalculated,uncalculated,not provided,Illumina NovaSeq 6000,KPC-2_Lo2_RNA,PAIRED,PolyA,TRANSCRIPTOMIC,Mus musculus,metastasis-low,ILLUMINA,2025-12-11T00:00:00Z,2024-11-01T07:31:00Z,1,KPC-2_Lo2,biological replicate 2,not provided,SRP435350,C57BL/6J,pancreatic tumor derived cell line,KPC-508F parental line,,Loaded
SRR31189880,RNA-Seq,300,9416926500,PRJNA960830,SAMN44528399,Model organism or animal,3050682113,JOHNS HOPKINS UNIVERSITY,not provided,public,"fastq,run.zq,sra","gs,ncbi,s3","gs.us-east1,ncbi.public,s3.us-east-1",adult,SRX26571400,uncalculated,uncalculated,not provided,Illumina NovaSeq 6000,KPC-1_Hi3_RNA,PAIRED,PolyA,TRANSCRIPTOMIC,Mus musculus,metastasis-high,ILLUMINA,2025-12-11T00:00:00Z,2024-11-01T07:28:00Z,1,KPC-1_Hi3,biological replicate 3,not provided,SRP435350,C57BL/6J,pancreatic tumor derived cell line,KPC-O parental line,,Not Loaded
SRR31189881,RNA-Seq,300,15069435300,PRJNA960830,SAMN44528398,Model organism or animal,4871687424,JOHNS HOPKINS UNIVERSITY,not provided,public,"fastq,run.zq,sra","gs,ncbi,s3","gs.us-east1,ncbi.public,s3.us-east-1",adult,SRX26571399,uncalculated,uncalculated,not provided,Illumina NovaSeq 6000,KPC-1_Hi2_RNA,PAIRED,PolyA,TRANSCRIPTOMIC,Mus musculus,metastasis-high,ILLUMINA,2025-12-11T00:00:00Z,2024-11-01T07:32:00Z,1,KPC-1_Hi2,biological replicate 2,not provided,SRP435350,C57BL/6J,pancreatic tumor derived cell line,KPC-O parental line,,Loaded
SRR31189882,RNA-Seq,300,6559024500,PRJNA960830,SAMN44528397,Model organism or animal,2138242290,JOHNS HOPKINS UNIVERSITY,not provided,public,"fastq,run.zq,sra","gs,ncbi,s3","gs.us-east1,ncbi.public,s3.us-east-1",adult,SRX26571398,uncalculated,uncalculated,not provided,Illumina NovaSeq 6000,KPC-1_Hi1_RNA,PAIRED,PolyA,TRANSCRIPTOMIC,Mus musculus,metastasis-high,ILLUMINA,2025-12-11T00:00:00Z,2024-11-01T07:26:00Z,1,KPC-1_Hi1,biological replicate 1,not provided,SRP435350,C57BL/6J,pancreatic tumor derived cell line,KPC-O parental line,,Loaded
SRR31189883,RNA-Seq,300,12252196200,PRJNA960830,SAMN44528396,Model organism or animal,3989628012,JOHNS HOPKINS UNIVERSITY,not provided,public,"fastq,run.zq,sra","gs,ncbi,s3","gs.us-east1,ncbi.public,s3.us-east-1",adult,SRX26571397,uncalculated,uncalculated,not provided,Illumina NovaSeq 6000,KPC-1_Lo7_RNA,PAIRED,PolyA,TRANSCRIPTOMIC,Mus musculus,metastasis-low,ILLUMINA,2025-12-11T00:00:00Z,2024-11-01T07:26:00Z,1,KPC-1_Lo7,biological replicate 7,not provided,SRP435350,C57BL/6J,pancreatic tumor derived cell line,KPC-O parental line,,Loaded
SRR31189884,RNA-Seq,300,11182466100,PRJNA960830,SAMN44528395,Model organism or animal,3626470339,JOHNS HOPKINS UNIVERSITY,not provided,public,"fastq,run.zq,sra","gs,ncbi,s3","gs.us-east1,ncbi.public,s3.us-east-1",adult,SRX26571396,uncalculated,uncalculated,not provided,Illumina NovaSeq 6000,KPC-1_Lo6_RNA,PAIRED,PolyA,TRANSCRIPTOMIC,Mus musculus,metastasis-low,ILLUMINA,2025-12-11T00:00:00Z,2024-11-01T07:29:00Z,1,KPC-1_Lo6,biological replicate 6,not provided,SRP435350,C57BL/6J,pancreatic tumor derived cell line,KPC-O parental line,,Loaded
SRR31189885,RNA-Seq,300,10909194600,PRJNA960830,SAMN44528394,Model organism or animal,3526224684,JOHNS HOPKINS UNIVERSITY,not provided,public,"fastq,run.zq,sra","gs,ncbi,s3","gs.us-east1,ncbi.public,s3.us-east-1",adult,SRX26571395,uncalculated,uncalculated,not provided,Illumina NovaSeq 6000,KPC-1_Lo5_RNA,PAIRED,PolyA,TRANSCRIPTOMIC,Mus musculus,metastasis-low,ILLUMINA,2025-12-11T00:00:00Z,2024-11-01T07:24:00Z,1,KPC-1_Lo5,biological replicate 5,not provided,SRP435350,C57BL/6J,pancreatic tumor derived cell line,KPC-O parental line,,Loaded
SRR31189886,RNA-Seq,300,10967520600,PRJNA960830,SAMN44528393,Model organism or animal,3553218206,JOHNS HOPKINS UNIVERSITY,not provided,public,"fastq,run.zq,sra","gs,ncbi,s3","gs.us-east1,ncbi.public,s3.us-east-1",adult,SRX26571394,uncalculated,uncalculated,not provided,Illumina NovaSeq 6000,KPC-1_Lo4_RNA,PAIRED,PolyA,TRANSCRIPTOMIC,Mus musculus,metastasis-low,ILLUMINA,2025-12-11T00:00:00Z,2024-11-01T07:27:00Z,1,KPC-1_Lo4,biological replicate 4,not provided,SRP435350,C57BL/6J,pancreatic tumor derived cell line,KPC-O parental line,,Loaded
SRR31189887,RNA-Seq,300,12164311800,PRJNA960830,SAMN44528392,Model organism or animal,3975115667,JOHNS HOPKINS UNIVERSITY,not provided,public,"fastq,run.zq,sra","gs,ncbi,s3","gs.us-east1,ncbi.public,s3.us-east-1",adult,SRX26571393,uncalculated,uncalculated,not provided,Illumina NovaSeq 6000,KPC-1_Lo3_RNA,PAIRED,PolyA,TRANSCRIPTOMIC,Mus musculus,metastasis-low,ILLUMINA,2025-12-11T00:00:00Z,2024-11-01T07:30:00Z,1,KPC-1_Lo3,biological replicate 3,not provided,SRP435350,C57BL/6J,pancreatic tumor derived cell line,KPC-O parental line,,Loaded
SRR31189888,ATAC-seq,200,10730897200,PRJNA960830,SAMN44528392,Model organism or animal,3699469658,JOHNS HOPKINS UNIVERSITY,not provided,public,"fastq,run.zq,sra","gs,ncbi,s3","gs.us-east1,ncbi.public,s3.us-east-1",adult,SRX26571392,uncalculated,uncalculated,not provided,Illumina NovaSeq 6000,KPC-1_Lo3_ATAC,PAIRED,unspecified,GENOMIC,Mus musculus,metastasis-low,ILLUMINA,2025-12-11T00:00:00Z,2024-11-01T07:35:00Z,1,KPC-1_Lo3,biological replicate 3,not provided,SRP435350,C57BL/6J,pancreatic tumor derived cell line,KPC-O parental line,,Loaded
SRR31189889,RNA-Seq,300,13444249200,PRJNA960830,SAMN44528391,Model organism or animal,4390839541,JOHNS HOPKINS UNIVERSITY,not provided,public,"fastq,run.zq,sra","gs,ncbi,s3","gs.us-east1,ncbi.public,s3.us-east-1",adult,SRX26571391,uncalculated,uncalculated,not provided,Illumina NovaSeq 6000,KPC-1_Lo2_RNA,PAIRED,PolyA,TRANSCRIPTOMIC,Mus musculus,metastasis-low,ILLUMINA,2025-12-11T00:00:00Z,2024-11-01T07:37:00Z,1,KPC-1_Lo2,biological replicate 2,not provided,SRP435350,C57BL/6J,pancreatic tumor derived cell line,KPC-O parental line,,Loaded
SRR31189890,RNA-Seq,300,14052290100,PRJNA960830,SAMN44528390,Model organism or animal,4549128928,JOHNS HOPKINS UNIVERSITY,not provided,public,"fastq,run.zq,sra","gs,ncbi,s3","gs.us-east1,ncbi.public,s3.us-east-1",adult,SRX26571390,uncalculated,uncalculated,not provided,Illumina NovaSeq 6000,KPC-1_Lo1_RNA,PAIRED,PolyA,TRANSCRIPTOMIC,Mus musculus,metastasis-low,ILLUMINA,2025-12-11T00:00:00Z,2024-11-01T07:33:00Z,1,KPC-1_Lo1,biological replicate 1,not provided,SRP435350,C57BL/6J,pancreatic tumor derived cell line,KPC-O parental line,,Loaded
SRR31189891,ATAC-seq,200,9631378200,PRJNA960830,SAMN44528405,Model organism or animal,3114240946,JOHNS HOPKINS UNIVERSITY,not provided,public,"fastq,run.zq,sra","gs,ncbi,s3","gs.us-east1,ncbi.public,s3.us-east-1",adult,SRX26571389,uncalculated,uncalculated,not provided,Illumina NovaSeq 6000,KPC-2_Hi2_ATAC,PAIRED,unspecified,GENOMIC,Mus musculus,metastasis-high,ILLUMINA,2025-12-11T00:00:00Z,2024-11-01T07:28:00Z,1,KPC-2_Hi2,biological replicate 2,not provided,SRP435350,C57BL/6J,pancreatic tumor derived cell line,KPC-508F parental line,,Loaded
SRR31189892,ATAC-seq,200,9526186000,PRJNA960830,SAMN44528404,Model organism or animal,3079867770,JOHNS HOPKINS UNIVERSITY,not provided,public,"fastq,run.zq,sra","gs,ncbi,s3","gs.us-east1,ncbi.public,s3.us-east-1",adult,SRX26571388,uncalculated,uncalculated,not provided,Illumina NovaSeq 6000,KPC-2_Hi1_ATAC_r2,PAIRED,unspecified,GENOMIC,Mus musculus,metastasis-high,ILLUMINA,2025-12-11T00:00:00Z,2024-11-01T07:30:00Z,1,KPC-2_Hi1,biological replicate 1,not provided,SRP435350,C57BL/6J,pancreatic tumor derived cell line,KPC-508F parental line,,Loaded
SRR31189893,ATAC-seq,200,8393122400,PRJNA960830,SAMN44528404,Model organism or animal,2671140729,JOHNS HOPKINS UNIVERSITY,not provided,public,"fastq,run.zq,sra","gs,ncbi,s3","gs.us-east1,ncbi.public,s3.us-east-1",adult,SRX26571387,uncalculated,uncalculated,not provided,Illumina NovaSeq 6000,KPC-2_Hi1_ATAC_r1,PAIRED,unspecified,GENOMIC,Mus musculus,metastasis-high,ILLUMINA,2025-12-11T00:00:00Z,2024-11-01T07:27:00Z,1,KPC-2_Hi1,biological replicate 1,not provided,SRP435350,C57BL/6J,pancreatic tumor derived cell line,KPC-508F parental line,,Loaded
SRR31189894,ATAC-seq,200,10728707000,PRJNA960830,SAMN44528403,Model organism or animal,3420955182,JOHNS HOPKINS UNIVERSITY,not provided,public,"fastq,run.zq,sra","gs,ncbi,s3","gs.us-east1,ncbi.public,s3.us-east-1",adult,SRX26571386,uncalculated,uncalculated,not provided,Illumina NovaSeq 6000,KPC-2_Lo5_ATAC,PAIRED,unspecified,GENOMIC,Mus musculus,metastasis-low,ILLUMINA,2025-12-11T00:00:00Z,2024-11-01T07:29:00Z,1,KPC-2_Lo5,biological replicate 5,not provided,SRP435350,C57BL/6J,pancreatic tumor derived cell line,KPC-508F parental line,,Loaded
SRR31189895,ATAC-seq,265,11356956900,PRJNA960830,SAMN44528402,Model organism or animal,4837242517,JOHNS HOPKINS UNIVERSITY,not provided,public,"fastq,run.zq,sra","gs,ncbi,s3","gs.us-east1,ncbi.public,s3.us-east-1",adult,SRX26571385,uncalculated,uncalculated,not provided,Illumina NovaSeq 6000,KPC-2_Lo4_ATAC,PAIRED,unspecified,GENOMIC,Mus musculus,metastasis-low,ILLUMINA,2025-12-11T00:00:00Z,2024-11-01T07:31:00Z,1,KPC-2_Lo4,biological replicate 4,not provided,SRP435350,C57BL/6J,pancreatic tumor derived cell line,KPC-508F parental line,,Loaded
SRR31189896,ATAC-seq,284,20608966800,PRJNA960830,SAMN44528401,Model organism or animal,7625357705,JOHNS HOPKINS UNIVERSITY,not provided,public,"fastq,run.zq,sra","gs,ncbi,s3","gs.us-east1,ncbi.public,s3.us-east-1",adult,SRX26571384,uncalculated,uncalculated,not provided,Illumina NovaSeq 6000,KPC-2_Lo3_ATAC_r2,PAIRED,unspecified,GENOMIC,Mus musculus,metastasis-low,ILLUMINA,2025-12-11T00:00:00Z,2024-11-01T07:41:00Z,1,KPC-2_Lo3,biological replicate 3,not provided,SRP435350,C57BL/6J,pancreatic tumor derived cell line,KPC-508F parental line,,Loaded
SRR31189897,ATAC-seq,200,9798236800,PRJNA960830,SAMN44528401,Model organism or animal,3271512429,JOHNS HOPKINS UNIVERSITY,not provided,public,"fastq,run.zq,sra","gs,ncbi,s3","gs.us-east1,ncbi.public,s3.us-east-1",adult,SRX26571383,uncalculated,uncalculated,not provided,Illumina NovaSeq 6000,KPC-2_Lo3_ATAC_r1,PAIRED,unspecified,GENOMIC,Mus musculus,metastasis-low,ILLUMINA,2025-12-11T00:00:00Z,2024-11-01T07:30:00Z,1,KPC-2_Lo3,biological replicate 3,not provided,SRP435350,C57BL/6J,pancreatic tumor derived cell line,KPC-508F parental line,,Loaded
SRR31189898,ATAC-seq,200,10999860000,PRJNA960830,SAMN44528400,Model organism or animal,3512649674,JOHNS HOPKINS UNIVERSITY,not provided,public,"fastq,run.zq,sra","gs,ncbi,s3","gs.us-east1,ncbi.public,s3.us-east-1",adult,SRX26571382,uncalculated,uncalculated,not provided,Illumina NovaSeq 6000,KPC-2_Lo2_ATAC,PAIRED,unspecified,GENOMIC,Mus musculus,metastasis-low,ILLUMINA,2025-12-11T00:00:00Z,2024-11-01T07:34:00Z,1,KPC-2_Lo2,biological replicate 2,not provided,SRP435350,C57BL/6J,pancreatic tumor derived cell line,KPC-508F parental line,,Loaded
SRR31189899,ATAC-seq,200,11058452200,PRJNA960830,SAMN44528391,Model organism or animal,3806449088,JOHNS HOPKINS UNIVERSITY,not provided,public,"fastq,run.zq,sra","gs,ncbi,s3","gs.us-east1,ncbi.public,s3.us-east-1",adult,SRX26571381,uncalculated,uncalculated,not provided,Illumina NovaSeq 6000,KPC-1_Lo2_ATAC,PAIRED,unspecified,GENOMIC,Mus musculus,metastasis-low,ILLUMINA,2025-12-11T00:00:00Z,2024-11-01T07:32:00Z,1,KPC-1_Lo2,biological replicate 2,not provided,SRP435350,C57BL/6J,pancreatic tumor derived cell line,KPC-O parental line,,Loaded
SRR31189900,ATAC-seq,200,9541762200,PRJNA960830,SAMN44528390,Model organism or animal,3317797346,JOHNS HOPKINS UNIVERSITY,not provided,public,"fastq,run.zq,sra","gs,ncbi,s3","gs.us-east1,ncbi.public,s3.us-east-1",adult,SRX26571380,uncalculated,uncalculated,not provided,Illumina NovaSeq 6000,KPC-1_Lo1_ATAC,PAIRED,unspecified,GENOMIC,Mus musculus,metastasis-low,ILLUMINA,2025-12-11T00:00:00Z,2024-11-01T07:27:00Z,1,KPC-1_Lo1,biological replicate 1,not provided,SRP435350,C57BL/6J,pancreatic tumor derived cell line,KPC-O parental line,,Loaded
SRR31192737,RNA-Seq,300,12849786600,PRJNA960830,SAMN44533182,Model organism or animal,4145859890,JOHNS HOPKINS UNIVERSITY,not provided,public,"fastq,run.zq,sra","gs,ncbi,s3","gs.us-east1,ncbi.public,s3.us-east-1",adult,SRX26574051,uncalculated,uncalculated,not provided,Illumina NovaSeq 6000,KPC-2_Lo1_RNA,PAIRED,PolyA,TRANSCRIPTOMIC,Mus musculus,metastasis-low,ILLUMINA,2025-12-11T00:00:00Z,2024-11-01T13:09:00Z,1,KPC-2_Lo1,biological replicate 1,not provided,SRP435350,C57BL/6J,pancreatic tumor derived cell line,KPC-508F parental line,,Loaded
SRR31192738,ATAC-seq,200,10473903200,PRJNA960830,SAMN44533182,Model organism or animal,3358569855,JOHNS HOPKINS UNIVERSITY,not provided,public,"fastq,run.zq,sra","gs,ncbi,s3","gs.us-east1,ncbi.public,s3.us-east-1",adult,SRX26574050,uncalculated,uncalculated,not provided,Illumina NovaSeq 6000,KPC-2_Lo1_ATAC,PAIRED,unspecified,GENOMIC,Mus musculus,metastasis-low,ILLUMINA,2025-12-11T00:00:00Z,2024-11-01T13:07:00Z,1,KPC-2_Lo1,biological replicate 1,not provided,SRP435350,C57BL/6J,pancreatic tumor derived cell line,KPC-508F parental line,,Not Loaded
SRR31192739,ATAC-seq,200,9831680600,PRJNA960830,SAMN44533181,Model organism or animal,3161153021,JOHNS HOPKINS UNIVERSITY,not provided,public,"fastq,run.zq,sra","gs,ncbi,s3","gs.us-east1,ncbi.public,s3.us-east-1",adult,SRX26574049,uncalculated,uncalculated,not provided,Illumina NovaSeq 6000,KPC-2_parental_ATAC_r2,PAIRED,unspecified,GENOMIC,Mus musculus,parental,ILLUMINA,2025-12-11T00:00:00Z,2024-11-01T13:12:00Z,1,KPC-2_parental,biological replicate 2,not provided,SRP435350,C57BL/6J,pancreatic tumor derived cell line,KPC mouse primary tumor,,Not Loaded
SRR31192740,ATAC-seq,200,10277551800,PRJNA960830,SAMN44533181,Model organism or animal,3282013430,JOHNS HOPKINS UNIVERSITY,not provided,public,"fastq,run.zq,sra","gs,ncbi,s3","gs.us-east1,ncbi.public,s3.us-east-1",adult,SRX26574048,uncalculated,uncalculated,not provided,Illumina NovaSeq 6000,KPC-2_parental_ATAC_r1,PAIRED,unspecified,GENOMIC,Mus musculus,parental,ILLUMINA,2025-12-11T00:00:00Z,2024-11-01T13:08:00Z,1,KPC-2_parental,biological replicate 2,not provided,SRP435350,C57BL/6J,pancreatic tumor derived cell line,KPC mouse primary tumor,,Loaded
SRR31192741,ATAC-seq,200,8982981000,PRJNA960830,SAMN44533180,Model organism or animal,3102578076,JOHNS HOPKINS UNIVERSITY,not provided,public,"fastq,run.zq,sra","gs,ncbi,s3","gs.us-east1,ncbi.public,s3.us-east-1",adult,SRX26574047,uncalculated,uncalculated,not provided,Illumina NovaSeq 6000,KPC-1_parental_ATAC_r2,PAIRED,unspecified,GENOMIC,Mus musculus,parental,ILLUMINA,2025-12-11T00:00:00Z,2024-11-01T13:08:00Z,1,KPC-1_parental,biological replicate 1,not provided,SRP435350,C57BL/6J,pancreatic tumor derived cell line,KPC mouse primary tumor,,Loaded
SRR31192742,ATAC-seq,200,6840028000,PRJNA960830,SAMN44533180,Model organism or animal,2523720875,JOHNS HOPKINS UNIVERSITY,not provided,public,"fastq,run.zq,sra","gs,ncbi,s3","gs.us-east1,ncbi.public,s3.us-east-1",adult,SRX26574046,uncalculated,uncalculated,not provided,Illumina NovaSeq 6000,KPC-1_parental_ATAC_r1,PAIRED,unspecified,GENOMIC,Mus musculus,parental,ILLUMINA,2025-12-11T00:00:00Z,2024-11-01T13:06:00Z,1,KPC-1_parental,biological replicate 1,not provided,SRP435350,C57BL/6J,pancreatic tumor derived cell line,KPC mouse primary tumor,,Loaded
SRR34560818,RNA-Seq,300,11639964900,PRJNA960830,SAMN49995099,Model organism or animal,3485992112,JOHNS HOPKINS UNIVERSITY,not provided,public,"fastq,run.zq,sra","gs,ncbi,s3","gs.us-east1,ncbi.public,s3.us-east-1",adult,SRX29703189,uncalculated,uncalculated,not provided,Illumina NovaSeq 6000,KPC-2_HiB_shControl_3_RNA,PAIRED,PolyA,TRANSCRIPTOMIC,Mus musculus,control,ILLUMINA,2025-12-11T00:00:00Z,2025-07-16T16:09:00Z,1,KPC-2_HiB_shControl_3,biological replicate 3,female,SRP435350,C57BL/6,pancreatic tumor derived cell line,,KPC-2_HiB,Not Loaded
SRR34560819,RNA-Seq,300,9608033400,PRJNA960830,SAMN49995098,Model organism or animal,2889914501,JOHNS HOPKINS UNIVERSITY,not provided,public,"fastq,run.zq,sra","gs,ncbi,s3","gs.us-east1,ncbi.public,s3.us-east-1",adult,SRX29703188,uncalculated,uncalculated,not provided,Illumina NovaSeq 6000,KPC-2_HiB_shControl_2_RNA,PAIRED,PolyA,TRANSCRIPTOMIC,Mus musculus,control,ILLUMINA,2025-12-11T00:00:00Z,2025-07-16T16:06:00Z,1,KPC-2_HiB_shControl_2,biological replicate 2,female,SRP435350,C57BL/6,pancreatic tumor derived cell line,,KPC-2_HiB,Not Loaded
SRR34560820,RNA-Seq,300,11331527700,PRJNA960830,SAMN49995097,Model organism or animal,3412416983,JOHNS HOPKINS UNIVERSITY,not provided,public,"fastq,run.zq,sra","gs,ncbi,s3","gs.us-east1,ncbi.public,s3.us-east-1",adult,SRX29703187,uncalculated,uncalculated,not provided,Illumina NovaSeq 6000,KPC-2_HiB_shControl_1_RNA,PAIRED,PolyA,TRANSCRIPTOMIC,Mus musculus,control,ILLUMINA,2025-12-11T00:00:00Z,2025-07-16T16:08:00Z,1,KPC-2_HiB_shControl_1,biological replicate 1,female,SRP435350,C57BL/6,pancreatic tumor derived cell line,,KPC-2_HiB,Not Loaded
SRR35050619,RNA-Seq,300,8105608200,PRJNA960830,SAMN50701106,Model organism or animal,2420104665,JOHNS HOPKINS UNIVERSITY,not provided,public,"fastq,run.zq,sra","gs,ncbi,s3","gs.us-east1,ncbi.public,s3.us-east-1",adult,SRX30164806,uncalculated,uncalculated,not provided,Illumina NovaSeq 6000,KPC-2_HiB_shFos2_1_RNA,PAIRED,PolyA,TRANSCRIPTOMIC,Mus musculus,shFos2,ILLUMINA,2025-12-11T00:00:00Z,2025-08-20T12:38:00Z,1,KPC-2_HiB_shFos2_1,biological replicate 1,female,SRP435350,C57BL/6,pancreatic tumor derived cell line,,KPC-2_HiB,Not Loaded
SRR35050620,RNA-Seq,300,9491741100,PRJNA960830,SAMN50701105,Model organism or animal,2835124062,JOHNS HOPKINS UNIVERSITY,not provided,public,"fastq,run.zq,sra","gs,ncbi,s3","gs.us-east1,ncbi.public,s3.us-east-1",adult,SRX30164805,uncalculated,uncalculated,not provided,Illumina NovaSeq 6000,KPC-2_HiB_shFos1_3_RNA,PAIRED,PolyA,TRANSCRIPTOMIC,Mus musculus,shFos1,ILLUMINA,2025-12-11T00:00:00Z,2025-08-20T12:40:00Z,1,KPC-2_HiB_shFos1_3,biological replicate 3,female,SRP435350,C57BL/6,pancreatic tumor derived cell line,,KPC-2_HiB,Not Loaded
SRR35050622,RNA-Seq,300,9274045800,PRJNA960830,SAMN50701103,Model organism or animal,2772658610,JOHNS HOPKINS UNIVERSITY,not provided,public,"fastq,run.zq,sra","gs,ncbi,s3","gs.us-east1,ncbi.public,s3.us-east-1",adult,SRX30164803,uncalculated,uncalculated,not provided,Illumina NovaSeq 6000,KPC-2_HiB_shFos1_1_RNA,PAIRED,PolyA,TRANSCRIPTOMIC,Mus musculus,shFos1,ILLUMINA,2025-12-11T00:00:00Z,2025-08-20T12:40:00Z,1,KPC-2_HiB_shFos1_1,biological replicate 1,female,SRP435350,C57BL/6,pancreatic tumor derived cell line,,KPC-2_HiB,Not Loaded
SRR35050617,RNA-Seq,300,11169281400,PRJNA960830,SAMN50701108,Model organism or animal,3363921994,JOHNS HOPKINS UNIVERSITY,not provided,public,"fastq,run.zq,sra","gs,ncbi,s3","gs.us-east1,ncbi.public,s3.us-east-1",adult,SRX30164808,uncalculated,uncalculated,not provided,Illumina NovaSeq 6000,KPC-2_HiB_shFos2_3_RNA,PAIRED,PolyA,TRANSCRIPTOMIC,Mus musculus,shFos2,ILLUMINA,2025-12-11T00:00:00Z,2025-08-20T12:40:00Z,1,KPC-2_HiB_shFos2_3,biological replicate 3,female,SRP435350,C57BL/6,pancreatic tumor derived cell line,,KPC-2_HiB,Not Loaded
SRR35050618,RNA-Seq,300,10057707000,PRJNA960830,SAMN50701107,Model organism or animal,3003910856,JOHNS HOPKINS UNIVERSITY,not provided,public,"fastq,run.zq,sra","gs,ncbi,s3","gs.us-east1,ncbi.public,s3.us-east-1",adult,SRX30164807,uncalculated,uncalculated,not provided,Illumina NovaSeq 6000,KPC-2_HiB_shFos2_2_RNA,PAIRED,PolyA,TRANSCRIPTOMIC,Mus musculus,shFos2,ILLUMINA,2025-12-11T00:00:00Z,2025-08-20T12:38:00Z,1,KPC-2_HiB_shFos2_2,biological replicate 2,female,SRP435350,C57BL/6,pancreatic tumor derived cell line,,KPC-2_HiB,Not Loaded
SRR35050621,RNA-Seq,300,10000824900,PRJNA960830,SAMN50701104,Model organism or animal,3004280384,JOHNS HOPKINS UNIVERSITY,not provided,public,"fastq,run.zq,sra","gs,ncbi,s3","gs.us-east1,ncbi.public,s3.us-east-1",adult,SRX30164804,uncalculated,uncalculated,not provided,Illumina NovaSeq 6000,KPC-2_HiB_shFos1_2_RNA,PAIRED,PolyA,TRANSCRIPTOMIC,Mus musculus,shFos1,ILLUMINA,2025-12-11T00:00:00Z,2025-08-20T12:41:00Z,1,KPC-2_HiB_shFos1_2,biological replicate 2,female,SRP435350,C57BL/6,pancreatic tumor derived cell line,,KPC-2_HiB,Not Loaded
